{
  "model": "MBZUAI/LaMini-Flan-T5-783M",
  "dataset": "agnews",
  "scoring": "label",
  "y_true": [
    "1",
    "1",
    "0",
    "1",
    "0",
    "1",
    "1",
    "0",
    "0",
    "1",
    "1",
    "0",
    "0",
    "0",
    "1",
    "1",
    "0",
    "0",
    "1",
    "1",
    "0",
    "0",
    "0",
    "1",
    "0",
    "1",
    "0",
    "1",
    "1",
    "1",
    "0",
    "0",
    "1",
    "0",
    "0",
    "1",
    "0",
    "0",
    "0",
    "0",
    "0",
    "0",
    "0",
    "0",
    "0",
    "1",
    "1",
    "1",
    "1",
    "0",
    "1",
    "1",
    "0",
    "1",
    "1",
    "1",
    "0",
    "1",
    "1",
    "1",
    "0",
    "0",
    "0",
    "0",
    "1",
    "0",
    "0",
    "1",
    "1",
    "0",
    "0",
    "0",
    "0",
    "1",
    "0",
    "0",
    "0",
    "1",
    "0",
    "1",
    "0",
    "1",
    "0",
    "1",
    "1",
    "1",
    "1",
    "0",
    "1",
    "1",
    "0",
    "1",
    "0",
    "1",
    "0",
    "0",
    "0",
    "0",
    "1",
    "1"
  ],
  "y_pred": [
    "1",
    "1",
    "1",
    "1",
    "1",
    "1",
    "1",
    "0",
    "0",
    "0",
    "0",
    "0",
    "0",
    "0",
    "1",
    "1",
    "0",
    "0",
    "1",
    "0",
    "0",
    "0",
    "0",
    "0",
    "1",
    "1",
    "0",
    "0",
    "1",
    "1",
    "0",
    "1",
    "1",
    "0",
    "0",
    "1",
    "1",
    "0",
    "0",
    "0",
    "0",
    "0",
    "1",
    "1",
    "1",
    "0",
    "1",
    "1",
    "0",
    "0",
    "1",
    "1",
    "0",
    "1",
    "0",
    "1",
    "0",
    "1",
    "0",
    "0",
    "1",
    "0",
    "0",
    "0",
    "0",
    "0",
    "0",
    "1",
    "0",
    "0",
    "0",
    "0",
    "0",
    "1",
    "0",
    "0",
    "1",
    "0",
    "0",
    "1",
    "0",
    "0",
    "1",
    "0",
    "1",
    "1",
    "0",
    "1",
    "1",
    "0",
    "0",
    "0",
    "1",
    "0",
    "0",
    "0",
    "0",
    "0",
    "0",
    "1"
  ],
  "accuracy": 0.67,
  "f1": 0.6206896551724138,
  "baseline_majority": {
    "accuracy": 0.53,
    "f1": 0.3671895424836601
  },
  "baseline_random": {
    "accuracy": 0.49,
    "f1": 0.4886117552172598
  }
}