{
  "model": "MBZUAI/LaMini-Flan-T5-783M",
  "dataset": "agnews",
  "scoring": "decoding",
  "y_true": [
    "1",
    "1",
    "0",
    "1",
    "0",
    "1",
    "1",
    "0",
    "0",
    "1",
    "1",
    "0",
    "0",
    "0",
    "1",
    "1",
    "0",
    "0",
    "1",
    "1",
    "0",
    "0",
    "0",
    "1",
    "0",
    "1",
    "0",
    "1",
    "1",
    "1",
    "0",
    "0",
    "1",
    "0",
    "0",
    "1",
    "0",
    "0",
    "0",
    "0",
    "0",
    "0",
    "0",
    "0",
    "0",
    "1",
    "1",
    "1",
    "1",
    "0",
    "1",
    "1",
    "0",
    "1",
    "1",
    "1",
    "0",
    "1",
    "1",
    "1",
    "0",
    "0",
    "0",
    "0",
    "1",
    "0",
    "0",
    "1",
    "1",
    "0",
    "0",
    "0",
    "0",
    "1",
    "0",
    "0",
    "0",
    "1",
    "0",
    "1",
    "0",
    "1",
    "0",
    "1",
    "1",
    "1",
    "1",
    "0",
    "1",
    "1",
    "0",
    "1",
    "0",
    "1",
    "0",
    "0",
    "0",
    "0",
    "1",
    "1"
  ],
  "y_pred": [
    "0",
    "1",
    "0",
    "0",
    "0",
    "1",
    "UNK",
    "0",
    "0",
    "1",
    "1",
    "0",
    "0",
    "0",
    "1",
    "1",
    "0",
    "0",
    "1",
    "1",
    "0",
    "0",
    "0",
    "1",
    "0",
    "UNK",
    "0",
    "1",
    "1",
    "0",
    "0",
    "0",
    "0",
    "0",
    "0",
    "1",
    "0",
    "0",
    "0",
    "0",
    "0",
    "0",
    "0",
    "0",
    "0",
    "1",
    "1",
    "1",
    "1",
    "0",
    "1",
    "1",
    "0",
    "1",
    "1",
    "1",
    "0",
    "1",
    "1",
    "UNK",
    "0",
    "0",
    "0",
    "0",
    "1",
    "0",
    "0",
    "1",
    "1",
    "0",
    "0",
    "0",
    "0",
    "1",
    "0",
    "0",
    "0",
    "0",
    "0",
    "1",
    "0",
    "UNK",
    "0",
    "1",
    "1",
    "1",
    "1",
    "1",
    "0",
    "1",
    "0",
    "1",
    "0",
    "1",
    "0",
    "0",
    "0",
    "0",
    "1",
    "1"
  ],
  "accuracy": 0.9270833333333334,
  "f1": 0.9135802469135802,
  "baseline_majority": {
    "accuracy": 0.5520833333333334,
    "f1": 0.3927572706935123
  },
  "baseline_random": {
    "accuracy": 0.53125,
    "f1": 0.5306830676195712
  }
}