{
  "model": "MBZUAI/LaMini-Flan-T5-783M",
  "dataset": "agnews",
  "scoring": "decoding",
  "y_true": [
    "1",
    "1",
    "0",
    "1",
    "0",
    "1",
    "1",
    "0",
    "0",
    "1",
    "1",
    "0",
    "0",
    "0",
    "1",
    "1",
    "0",
    "0",
    "1",
    "1",
    "0",
    "0",
    "0",
    "1",
    "0",
    "1",
    "0",
    "1",
    "1",
    "1",
    "0",
    "0",
    "1",
    "0",
    "0",
    "1",
    "0",
    "0",
    "0",
    "0",
    "0",
    "0",
    "0",
    "0",
    "0",
    "1",
    "1",
    "1",
    "1",
    "0",
    "1",
    "1",
    "0",
    "1",
    "1",
    "1",
    "0",
    "1",
    "1",
    "1",
    "0",
    "0",
    "0",
    "0",
    "1",
    "0",
    "0",
    "1",
    "1",
    "0",
    "0",
    "0",
    "0",
    "1",
    "0",
    "0",
    "0",
    "1",
    "0",
    "1",
    "0",
    "1",
    "0",
    "1",
    "1",
    "1",
    "1",
    "0",
    "1",
    "1",
    "0",
    "1",
    "0",
    "1",
    "0",
    "0",
    "0",
    "0",
    "1",
    "1"
  ],
  "y_pred": [
    "1",
    "1",
    "0",
    "0",
    "0",
    "1",
    "UNK",
    "0",
    "0",
    "1",
    "1",
    "0",
    "0",
    "0",
    "1",
    "1",
    "0",
    "0",
    "1",
    "1",
    "0",
    "0",
    "0",
    "1",
    "0",
    "UNK",
    "0",
    "1",
    "1",
    "0",
    "UNK",
    "UNK",
    "0",
    "0",
    "0",
    "1",
    "0",
    "0",
    "0",
    "0",
    "0",
    "0",
    "0",
    "0",
    "0",
    "1",
    "UNK",
    "1",
    "1",
    "0",
    "1",
    "1",
    "0",
    "1",
    "1",
    "1",
    "0",
    "1",
    "1",
    "0",
    "0",
    "0",
    "0",
    "0",
    "1",
    "0",
    "0",
    "1",
    "1",
    "0",
    "0",
    "0",
    "0",
    "1",
    "0",
    "0",
    "0",
    "0",
    "0",
    "1",
    "0",
    "1",
    "0",
    "1",
    "1",
    "1",
    "1",
    "1",
    "1",
    "1",
    "0",
    "1",
    "0",
    "1",
    "0",
    "0",
    "0",
    "0",
    "1",
    "1"
  ],
  "accuracy": 0.9368421052631579,
  "f1": 0.9285714285714286,
  "baseline_majority": {
    "accuracy": 0.5368421052631579,
    "f1": 0.37505407354001447
  },
  "baseline_random": {
    "accuracy": 0.45263157894736844,
    "f1": 0.4515299877600979
  }
}